dataset,model,explainer,n_seeds,explanation_runtime_seconds,mean_runtime_per_instance_seconds,stability_runtime_seconds,explanation_runtime_seconds_mean,explanation_runtime_seconds_std,mean_runtime_per_instance_seconds_mean,mean_runtime_per_instance_seconds_std,stability_runtime_seconds_mean,stability_runtime_seconds_std
compas,logistic_regression,lime,5,4.837 ± 2.409,0.024186 ± 0.012043,1.936 ± 1.559,4.837259467801777,2.4086380676347843,0.0241862973390088,0.0120431903381739,1.936217356400448,1.558550593896422
compas,logistic_regression,linear_coefficients,5,0.001 ± 0.001,0.000004 ± 0.000003,0.001 ± 0.000,0.0007590944005642,0.000622770822431,3.7954720028210432e-06,3.1138541121550006e-06,0.0005519825994269,0.0003354078178861
compas,logistic_regression,occlusion,5,0.029 ± 0.011,0.000144 ± 0.000056,0.035 ± 0.012,0.0287390099983895,0.0112793499932375,0.0001436950499919,5.63967499661878e-05,0.0346141242014709,0.0123545824426749
compas,logistic_regression,shap_linear,5,0.000 ± 0.000,0.000001 ± 0.000000,0.000 ± 0.000,0.0001980675966478,3.7984128082651386e-05,9.90337983239442e-07,1.8992064041325685e-07,0.0003083467978285,0.0002443526684866
compas,random_forest,lime,5,60.601 ± 8.827,0.303007 ± 0.044133,14.327 ± 0.609,60.60141110019758,8.826665480322964,0.3030070555009879,0.0441333274016148,14.326624830201036,0.6087543843442792
compas,random_forest,occlusion,5,1.114 ± 0.322,0.005569 ± 0.001609,0.787 ± 0.152,1.1137161236052635,0.3218522383592668,0.0055685806180263,0.0016092611917963,0.7872069584002019,0.1523288814163116
compas,random_forest,shap_tree,5,12.114 ± 0.560,0.060571 ± 0.002798,3.011 ± 0.142,12.114184354402823,0.5595803735881355,0.0605709217720141,0.0027979018679406,3.0113008487998743,0.1416672814185469
