dataset,model,explainer,n_seeds,top3_jaccard_stability,cosine_stability,stability_top3_jaccard_mean_mean,stability_top3_jaccard_mean_std,stability_cosine_mean_mean,stability_cosine_mean_std
compas,logistic_regression,lime,5,0.944 ± 0.120,1.000 ± 0.000,0.944,0.1197079780131633,0.9999805652206448,6.284885237724786e-06
compas,logistic_regression,linear_coefficients,5,0.930 ± 0.014,0.999 ± 0.002,0.93,0.0141421356237308,0.9986429592884796,0.0020037019885571
compas,logistic_regression,occlusion,5,0.930 ± 0.014,0.999 ± 0.002,0.93,0.0141421356237308,0.9986466261420572,0.0020078719497121
compas,logistic_regression,shap_linear,5,0.996 ± 0.009,1.000 ± 0.000,0.996,0.0089442719099991,0.9999606202083696,1.1556783084669675e-05
compas,random_forest,lime,5,0.980 ± 0.021,0.999 ± 0.000,0.98,0.0212132034355964,0.9985266018659392,8.460886506237097e-05
compas,random_forest,occlusion,5,0.819 ± 0.026,1.000 ± 0.000,0.8192,0.025907527863538,0.999977528570056,2.5684510718830972e-05
compas,random_forest,shap_tree,5,1.000 ± 0.000,1.000 ± 0.000,1.0,0.0,0.9999961826783073,2.7910428099318127e-06
