dataset,model,n_seeds,accuracy,f1,roc_auc,accuracy_mean,accuracy_std,f1_mean,f1_std,roc_auc_mean,roc_auc_std
compas,logistic_regression,5,0.683 ± 0.009,0.620 ± 0.013,0.741 ± 0.008,0.6825053995680346,0.0087149094986873,0.6198524226767883,0.013200517548805,0.741190965768346,0.0078663739672694
compas,random_forest,5,0.685 ± 0.010,0.631 ± 0.014,0.737 ± 0.010,0.6848812095032397,0.00953448133905,0.6306566669047791,0.0137819630825986,0.7369601228328202,0.0098019833003515
