dataset,model,explainer,n_seeds,mean_sparsity,deletion_fidelity_top3,mean_sparsity_mean,mean_sparsity_std,deletion_fidelity_top3_mean,deletion_fidelity_top3_std
compas,logistic_regression,lime,5,10.989 ± 0.025,0.149 ± 0.011,10.989,0.0245967477524975,0.1493431101181339,0.0112305105513812
compas,logistic_regression,linear_coefficients,5,2.842 ± 0.041,0.107 ± 0.016,2.842,0.0410182886039873,0.1069230643855159,0.0161536396968436
compas,logistic_regression,occlusion,5,2.842 ± 0.041,0.107 ± 0.016,2.842,0.0410182886039873,0.1068643904525888,0.0161054113807961
compas,logistic_regression,shap_linear,5,9.602 ± 0.547,0.115 ± 0.014,9.602,0.5472727839021411,0.1149397915333147,0.0141334477649552
compas,random_forest,lime,5,10.989 ± 0.025,0.151 ± 0.020,10.989,0.0245967477524975,0.1505800706153557,0.0203279997707907
compas,random_forest,occlusion,5,2.841 ± 0.040,0.128 ± 0.027,2.841,0.0403732584763726,0.1282817103769639,0.0270294186373715
compas,random_forest,shap_tree,5,9.402 ± 0.546,0.115 ± 0.016,9.402,0.5459006319835136,0.1152502884851424,0.0155034206910146
