dataset,model,explainer,n_train,n_test,n_explain,random_state,accuracy,f1,roc_auc,African_American_selection_rate_privileged,African_American_selection_rate_unprivileged,African_American_demographic_parity_difference,African_American_disparate_impact_ratio,African_American_equal_opportunity_difference,African_American_false_positive_rate_difference,African_American_equalized_odds_difference_absmax,Female_selection_rate_privileged,Female_selection_rate_unprivileged,Female_demographic_parity_difference,Female_disparate_impact_ratio,Female_equal_opportunity_difference,Female_false_positive_rate_difference,Female_equalized_odds_difference_absmax,mean_sparsity,deletion_fidelity_top3,African_American_mean_abs_attribution_gap,Female_mean_abs_attribution_gap
compas,logistic_regression,occlusion,4320,1852,200,42,0.6841252699784017,0.6237942122186495,0.7375923920774713,0.2421875,0.5177824267782427,0.2755949267782427,2.1379403428174646,0.2683670101148232,0.1884931070204797,0.2683670101148232,0.43029490616621985,0.19444444444444445,-0.2358504617217754,0.45188646590410736,-0.23238243962521443,-0.16975465687358965,0.23238243962521443,2.87,0.09777720165183962,0.005584042759122509,0.002719165470592269
compas,logistic_regression,linear_coefficients,4320,1852,200,42,0.6841252699784017,0.6237942122186495,0.7375923920774713,0.2421875,0.5177824267782427,0.2755949267782427,2.1379403428174646,0.2683670101148232,0.1884931070204797,0.2683670101148232,0.43029490616621985,0.19444444444444445,-0.2358504617217754,0.45188646590410736,-0.23238243962521443,-0.16975465687358965,0.23238243962521443,2.87,0.09777720165183962,0.026117356639544384,0.015777565305821237
compas,random_forest,occlusion,4320,1852,200,42,0.6852051835853131,0.6274760383386582,0.7349947741971132,0.25223214285714285,0.5188284518828452,0.26659630902570236,2.056948198607019,0.23041873953740594,0.20150211172204957,0.23041873953740594,0.4343163538873995,0.20555555555555555,-0.22876079833184393,0.4732853223583067,-0.2222210003079224,-0.16374828547409406,0.2222210003079224,2.87,0.07011701524417097,0.004149646424830095,-0.0002585562574815674
